"board","code"
"uno","/***   Included libraries  ***/\n#include <SoftwareSerial.h>\n#include <BitbloqSoftwareSerial.h>\n\n\n/***   Global variables and function definition  ***/\nbqSoftwareSerial puerto_serie_0(0, 1, 9600);\n\n/***   Setup  ***/\nvoid setup() {}\n\n/***   Loop  ***/\nvoid loop() {\npuerto_serie_0.println(puerto_serie_0.readString());\ndelay(49123);\n}"
"uno","/***   Included libraries  ***/\n#include <SoftwareSerial.h>\n#include <BitbloqSoftwareSerial.h>\n\n\n/***   Global variables and function definition  ***/\nbqSoftwareSerial puerto_serie_0(0, 1, 9600);\n\n/***   Setup  ***/\nvoid setup() {}\n\n/***   Loop  ***/\nvoid loop() {\npuerto_serie_0.println(puerto_serie_0.readString());\ndelay(86612);\n}"
"uno","/***   Included libraries  ***/\n#include <SoftwareSerial.h>\n#include <BitbloqSoftwareSerial.h>\n\n\n/***   Global variables and function definition  ***/\nbqSoftwareSerial puerto_serie_0(0, 1, 9600);\n\n/***   Setup  ***/\nvoid setup() {}\n\n/***   Loop  ***/\nvoid loop() {\npuerto_serie_0.println(puerto_serie_0.readString());\ndelay(1686);\n}"
"uno","/***   Included libraries  ***/\n#include <SoftwareSerial.h>\n#include <BitbloqSoftwareSerial.h>\n\n\n/***   Global variables and function definition  ***/\nbqSoftwareSerial puerto_serie_0(0, 1, 9600);\n\n/***   Setup  ***/\nvoid setup() {}\n\n/***   Loop  ***/\nvoid loop() {\npuerto_serie_0.println(puerto_serie_0.readString());\ndelay(37077);\n}"
"bt328","/***   Included libraries  ***/\n#include <SoftwareSerial.h>\n#include <BitbloqSoftwareSerial.h>\n\n\n/***   Global variables and function definition  ***/\nbqSoftwareSerial puerto_serie_0(0, 1, 9600);\n\n/***   Setup  ***/\nvoid setup() {}\n\n/***   Loop  ***/\nvoid loop() {\npuerto_serie_0.println(puerto_serie_0.readString());\ndelay(59199);\n}"
"uno","/***   Included libraries  ***/\n#include <SoftwareSerial.h>\n#include <BitbloqSoftwareSerial.h>\n\n\n/***   Global variables and function definition  ***/\nbqSoftwareSerial puerto_serie_0(0, 1, 9600);\n\n/***   Setup  ***/\nvoid setup() {}\n\n/***   Loop  ***/\nvoid loop() {\npuerto_serie_0.println(puerto_serie_0.readString());\ndelay(65639);\n}"
"uno","/***   Included libraries  ***/\n#include <SoftwareSerial.h>\n#include <BitbloqSoftwareSerial.h>\n\n\n/***   Global variables and function definition  ***/\nbqSoftwareSerial puerto_serie_0(0, 1, 9600);\n\n/***   Setup  ***/\nvoid setup() {}\n\n/***   Loop  ***/\nvoid loop() {\npuerto_serie_0.println(puerto_serie_0.readString());\ndelay(57242);\n}"
"bt328","/***   Included libraries  ***/\n#include <SoftwareSerial.h>\n#include <BitbloqSoftwareSerial.h>\n\n\n/***   Global variables and function definition  ***/\nbqSoftwareSerial puerto_serie_0(0, 1, 9600);\n\n/***   Setup  ***/\nvoid setup() {}\n\n/***   Loop  ***/\nvoid loop() {\npuerto_serie_0.println(puerto_serie_0.readString());\ndelay(11958);\n}"
"uno","/***   Included libraries  ***/\n#include <SoftwareSerial.h>\n#include <BitbloqSoftwareSerial.h>\n\n\n/***   Global variables and function definition  ***/\nbqSoftwareSerial puerto_serie_0(0, 1, 9600);\n\n/***   Setup  ***/\nvoid setup() {}\n\n/***   Loop  ***/\nvoid loop() {\npuerto_serie_0.println(puerto_serie_0.readString());\ndelay(42595);\n}"
"uno","/***   Included libraries  ***/\n#include <SoftwareSerial.h>\n#include <BitbloqSoftwareSerial.h>\n\n\n/***   Global variables and function definition  ***/\nbqSoftwareSerial puerto_serie_0(0, 1, 9600);\n\n/***   Setup  ***/\nvoid setup() {}\n\n/***   Loop  ***/\nvoid loop() {\npuerto_serie_0.println(puerto_serie_0.readString());\ndelay(77754);\n}"
"bt328","/***   Included libraries  ***/\n#include <SoftwareSerial.h>\n#include <BitbloqSoftwareSerial.h>\n\n\n/***   Global variables and function definition  ***/\nbqSoftwareSerial puerto_serie_0(0, 1, 9600);\n\n/***   Setup  ***/\nvoid setup() {}\n\n/***   Loop  ***/\nvoid loop() {\npuerto_serie_0.println(puerto_serie_0.readString());\ndelay(9108);\n}"
"uno","/***   Included libraries  ***/\n#include <SoftwareSerial.h>\n#include <BitbloqSoftwareSerial.h>\n\n\n/***   Global variables and function definition  ***/\nbqSoftwareSerial puerto_serie_0(0, 1, 9600);\n\n/***   Setup  ***/\nvoid setup() {}\n\n/***   Loop  ***/\nvoid loop() {\npuerto_serie_0.println(puerto_serie_0.readString());\ndelay(6785);\n}"
"bt328","/***   Included libraries  ***/\n#include <SoftwareSerial.h>\n#include <BitbloqSoftwareSerial.h>\n\n\n/***   Global variables and function definition  ***/\nbqSoftwareSerial puerto_serie_0(0, 1, 9600);\n\n/***   Setup  ***/\nvoid setup() {}\n\n/***   Loop  ***/\nvoid loop() {\npuerto_serie_0.println(puerto_serie_0.readString());\ndelay(26422);\n}"
"uno","/***   Included libraries  ***/\n#include <SoftwareSerial.h>\n#include <BitbloqSoftwareSerial.h>\n\n\n/***   Global variables and function definition  ***/\nbqSoftwareSerial puerto_serie_0(0, 1, 9600);\n\n/***   Setup  ***/\nvoid setup() {}\n\n/***   Loop  ***/\nvoid loop() {\npuerto_serie_0.println(puerto_serie_0.readString());\ndelay(58184);\n}"
"bt328","/***   Included libraries  ***/\n#include <SoftwareSerial.h>\n#include <BitbloqSoftwareSerial.h>\n\n\n/***   Global variables and function definition  ***/\nbqSoftwareSerial puerto_serie_0(0, 1, 9600);\n\n/***   Setup  ***/\nvoid setup() {}\n\n/***   Loop  ***/\nvoid loop() {\npuerto_serie_0.println(puerto_serie_0.readString());\ndelay(8459);\n}"
"bt328","/***   Included libraries  ***/\n#include <SoftwareSerial.h>\n#include <BitbloqSoftwareSerial.h>\n\n\n/***   Global variables and function definition  ***/\nbqSoftwareSerial puerto_serie_0(0, 1, 9600);\n\n/***   Setup  ***/\nvoid setup() {}\n\n/***   Loop  ***/\nvoid loop() {\npuerto_serie_0.println(puerto_serie_0.readString());\ndelay(22920);\n}"
"uno","/***   Included libraries  ***/\n#include <SoftwareSerial.h>\n#include <BitbloqSoftwareSerial.h>\n\n\n/***   Global variables and function definition  ***/\nbqSoftwareSerial puerto_serie_0(0, 1, 9600);\n\n/***   Setup  ***/\nvoid setup() {}\n\n/***   Loop  ***/\nvoid loop() {\npuerto_serie_0.println(puerto_serie_0.readString());\ndelay(61887);\n}"
"uno","/***   Included libraries  ***/\n#include <SoftwareSerial.h>\n#include <BitbloqSoftwareSerial.h>\n\n\n/***   Global variables and function definition  ***/\nbqSoftwareSerial puerto_serie_0(0, 1, 9600);\n\n/***   Setup  ***/\nvoid setup() {}\n\n/***   Loop  ***/\nvoid loop() {\npuerto_serie_0.println(puerto_serie_0.readString());\ndelay(2333);\n}"
"uno","/***   Included libraries  ***/\n#include <SoftwareSerial.h>\n#include <BitbloqSoftwareSerial.h>\n\n\n/***   Global variables and function definition  ***/\nbqSoftwareSerial puerto_serie_0(0, 1, 9600);\n\n/***   Setup  ***/\nvoid setup() {}\n\n/***   Loop  ***/\nvoid loop() {\npuerto_serie_0.println(puerto_serie_0.readString());\ndelay(33960);\n}"
"uno","/***   Included libraries  ***/\n#include <SoftwareSerial.h>\n#include <BitbloqSoftwareSerial.h>\n\n\n/***   Global variables and function definition  ***/\nbqSoftwareSerial puerto_serie_0(0, 1, 9600);\n\n/***   Setup  ***/\nvoid setup() {}\n\n/***   Loop  ***/\nvoid loop() {\npuerto_serie_0.println(puerto_serie_0.readString());\ndelay(75711);\n}"
"uno","/***   Included libraries  ***/\n#include <SoftwareSerial.h>\n#include <BitbloqSoftwareSerial.h>\n\n\n/***   Global variables and function definition  ***/\nbqSoftwareSerial puerto_serie_0(0, 1, 9600);\n\n/***   Setup  ***/\nvoid setup() {}\n\n/***   Loop  ***/\nvoid loop() {\npuerto_serie_0.println(puerto_serie_0.readString());\ndelay(52862);\n}"
"uno","/***   Included libraries  ***/\n#include <SoftwareSerial.h>\n#include <BitbloqSoftwareSerial.h>\n\n\n/***   Global variables and function definition  ***/\nbqSoftwareSerial puerto_serie_0(0, 1, 9600);\n\n/***   Setup  ***/\nvoid setup() {}\n\n/***   Loop  ***/\nvoid loop() {\npuerto_serie_0.println(puerto_serie_0.readString());\ndelay(3920);\n}"
"uno","/***   Included libraries  ***/\n#include <SoftwareSerial.h>\n#include <BitbloqSoftwareSerial.h>\n\n\n/***   Global variables and function definition  ***/\nbqSoftwareSerial puerto_serie_0(0, 1, 9600);\n\n/***   Setup  ***/\nvoid setup() {}\n\n/***   Loop  ***/\nvoid loop() {\npuerto_serie_0.println(puerto_serie_0.readString());\ndelay(82221);\n}"
"bt328","/***   Included libraries  ***/\n#include <SoftwareSerial.h>\n#include <BitbloqSoftwareSerial.h>\n\n\n/***   Global variables and function definition  ***/\nbqSoftwareSerial puerto_serie_0(0, 1, 9600);\n\n/***   Setup  ***/\nvoid setup() {}\n\n/***   Loop  ***/\nvoid loop() {\npuerto_serie_0.println(puerto_serie_0.readString());\ndelay(87255);\n}"
"uno","/***   Included libraries  ***/\n#include <SoftwareSerial.h>\n#include <BitbloqSoftwareSerial.h>\n\n\n/***   Global variables and function definition  ***/\nbqSoftwareSerial puerto_serie_0(0, 1, 9600);\n\n/***   Setup  ***/\nvoid setup() {}\n\n/***   Loop  ***/\nvoid loop() {\npuerto_serie_0.println(puerto_serie_0.readString());\ndelay(414);\n}"
"uno","/***   Included libraries  ***/\n#include <SoftwareSerial.h>\n#include <BitbloqSoftwareSerial.h>\n\n\n/***   Global variables and function definition  ***/\nbqSoftwareSerial puerto_serie_0(0, 1, 9600);\n\n/***   Setup  ***/\nvoid setup() {}\n\n/***   Loop  ***/\nvoid loop() {\npuerto_serie_0.println(puerto_serie_0.readString());\ndelay(53644);\n}"
"uno","/***   Included libraries  ***/\n#include <SoftwareSerial.h>\n#include <BitbloqSoftwareSerial.h>\n\n\n/***   Global variables and function definition  ***/\nbqSoftwareSerial puerto_serie_0(0, 1, 9600);\n\n/***   Setup  ***/\nvoid setup() {}\n\n/***   Loop  ***/\nvoid loop() {\npuerto_serie_0.println(puerto_serie_0.readString());\ndelay(80567);\n}"
"uno","/***   Included libraries  ***/\n#include <SoftwareSerial.h>\n#include <BitbloqSoftwareSerial.h>\n\n\n/***   Global variables and function definition  ***/\nbqSoftwareSerial puerto_serie_0(0, 1, 9600);\n\n/***   Setup  ***/\nvoid setup() {}\n\n/***   Loop  ***/\nvoid loop() {\npuerto_serie_0.println(puerto_serie_0.readString());\ndelay(78172);\n}"
"uno","/***   Included libraries  ***/\n#include <SoftwareSerial.h>\n#include <BitbloqSoftwareSerial.h>\n\n\n/***   Global variables and function definition  ***/\nbqSoftwareSerial puerto_serie_0(0, 1, 9600);\n\n/***   Setup  ***/\nvoid setup() {}\n\n/***   Loop  ***/\nvoid loop() {\npuerto_serie_0.println(puerto_serie_0.readString());\ndelay(10448);\n}"
"uno","/***   Included libraries  ***/\n#include <SoftwareSerial.h>\n#include <BitbloqSoftwareSerial.h>\n\n\n/***   Global variables and function definition  ***/\nbqSoftwareSerial puerto_serie_0(0, 1, 9600);\n\n/***   Setup  ***/\nvoid setup() {}\n\n/***   Loop  ***/\nvoid loop() {\npuerto_serie_0.println(puerto_serie_0.readString());\ndelay(23781);\n}"
"bt328","/***   Included libraries  ***/\n#include <SoftwareSerial.h>\n#include <BitbloqSoftwareSerial.h>\n\n\n/***   Global variables and function definition  ***/\nbqSoftwareSerial puerto_serie_0(0, 1, 9600);\n\n/***   Setup  ***/\nvoid setup() {}\n\n/***   Loop  ***/\nvoid loop() {\npuerto_serie_0.println(puerto_serie_0.readString());\ndelay(12729);\n}"
"bt328","/***   Included libraries  ***/\n#include <SoftwareSerial.h>\n#include <BitbloqSoftwareSerial.h>\n\n\n/***   Global variables and function definition  ***/\nbqSoftwareSerial puerto_serie_0(0, 1, 9600);\n\n/***   Setup  ***/\nvoid setup() {}\n\n/***   Loop  ***/\nvoid loop() {\npuerto_serie_0.println(puerto_serie_0.readString());\ndelay(96271);\n}"
"uno","/***   Included libraries  ***/\n#include <SoftwareSerial.h>\n#include <BitbloqSoftwareSerial.h>\n\n\n/***   Global variables and function definition  ***/\nbqSoftwareSerial puerto_serie_0(0, 1, 9600);\n\n/***   Setup  ***/\nvoid setup() {}\n\n/***   Loop  ***/\nvoid loop() {\npuerto_serie_0.println(puerto_serie_0.readString());\ndelay(3098);\n}"
"bt328","/***   Included libraries  ***/\n#include <SoftwareSerial.h>\n#include <BitbloqSoftwareSerial.h>\n\n\n/***   Global variables and function definition  ***/\nbqSoftwareSerial puerto_serie_0(0, 1, 9600);\n\n/***   Setup  ***/\nvoid setup() {}\n\n/***   Loop  ***/\nvoid loop() {\npuerto_serie_0.println(puerto_serie_0.readString());\ndelay(10457);\n}"
"bt328","/***   Included libraries  ***/\n#include <SoftwareSerial.h>\n#include <BitbloqSoftwareSerial.h>\n\n\n/***   Global variables and function definition  ***/\nbqSoftwareSerial puerto_serie_0(0, 1, 9600);\n\n/***   Setup  ***/\nvoid setup() {}\n\n/***   Loop  ***/\nvoid loop() {\npuerto_serie_0.println(puerto_serie_0.readString());\ndelay(85607);\n}"
"uno","/***   Included libraries  ***/\n#include <SoftwareSerial.h>\n#include <BitbloqSoftwareSerial.h>\n\n\n/***   Global variables and function definition  ***/\nbqSoftwareSerial puerto_serie_0(0, 1, 9600);\n\n/***   Setup  ***/\nvoid setup() {}\n\n/***   Loop  ***/\nvoid loop() {\npuerto_serie_0.println(puerto_serie_0.readString());\ndelay(4883);\n}"
"uno","/***   Included libraries  ***/\n#include <SoftwareSerial.h>\n#include <BitbloqSoftwareSerial.h>\n\n\n/***   Global variables and function definition  ***/\nbqSoftwareSerial puerto_serie_0(0, 1, 9600);\n\n/***   Setup  ***/\nvoid setup() {}\n\n/***   Loop  ***/\nvoid loop() {\npuerto_serie_0.println(puerto_serie_0.readString());\ndelay(99784);\n}"
"uno","/***   Included libraries  ***/\n#include <SoftwareSerial.h>\n#include <BitbloqSoftwareSerial.h>\n\n\n/***   Global variables and function definition  ***/\nbqSoftwareSerial puerto_serie_0(0, 1, 9600);\n\n/***   Setup  ***/\nvoid setup() {}\n\n/***   Loop  ***/\nvoid loop() {\npuerto_serie_0.println(puerto_serie_0.readString());\ndelay(74272);\n}"
"uno","/***   Included libraries  ***/\n#include <SoftwareSerial.h>\n#include <BitbloqSoftwareSerial.h>\n\n\n/***   Global variables and function definition  ***/\nbqSoftwareSerial puerto_serie_0(0, 1, 9600);\n\n/***   Setup  ***/\nvoid setup() {}\n\n/***   Loop  ***/\nvoid loop() {\npuerto_serie_0.println(puerto_serie_0.readString());\ndelay(86701);\n}"
"uno","/***   Included libraries  ***/\n#include <SoftwareSerial.h>\n#include <BitbloqSoftwareSerial.h>\n\n\n/***   Global variables and function definition  ***/\nbqSoftwareSerial puerto_serie_0(0, 1, 9600);\n\n/***   Setup  ***/\nvoid setup() {}\n\n/***   Loop  ***/\nvoid loop() {\npuerto_serie_0.println(puerto_serie_0.readString());\ndelay(26510);\n}"
"uno","/***   Included libraries  ***/\n#include <SoftwareSerial.h>\n#include <BitbloqSoftwareSerial.h>\n\n\n/***   Global variables and function definition  ***/\nbqSoftwareSerial puerto_serie_0(0, 1, 9600);\n\n/***   Setup  ***/\nvoid setup() {}\n\n/***   Loop  ***/\nvoid loop() {\npuerto_serie_0.println(puerto_serie_0.readString());\ndelay(53150);\n}"
"uno","/***   Included libraries  ***/\n#include <SoftwareSerial.h>\n#include <BitbloqSoftwareSerial.h>\n\n\n/***   Global variables and function definition  ***/\nbqSoftwareSerial puerto_serie_0(0, 1, 9600);\n\n/***   Setup  ***/\nvoid setup() {}\n\n/***   Loop  ***/\nvoid loop() {\npuerto_serie_0.println(puerto_serie_0.readString());\ndelay(8995);\n}"
"uno","/***   Included libraries  ***/\n#include <SoftwareSerial.h>\n#include <BitbloqSoftwareSerial.h>\n\n\n/***   Global variables and function definition  ***/\nbqSoftwareSerial puerto_serie_0(0, 1, 9600);\n\n/***   Setup  ***/\nvoid setup() {}\n\n/***   Loop  ***/\nvoid loop() {\npuerto_serie_0.println(puerto_serie_0.readString());\ndelay(53395);\n}"
"uno","/***   Included libraries  ***/\n#include <SoftwareSerial.h>\n#include <BitbloqSoftwareSerial.h>\n\n\n/***   Global variables and function definition  ***/\nbqSoftwareSerial puerto_serie_0(0, 1, 9600);\n\n/***   Setup  ***/\nvoid setup() {}\n\n/***   Loop  ***/\nvoid loop() {\npuerto_serie_0.println(puerto_serie_0.readString());\ndelay(65148);\n}"
"bt328","/***   Included libraries  ***/\n#include <SoftwareSerial.h>\n#include <BitbloqSoftwareSerial.h>\n\n\n/***   Global variables and function definition  ***/\nbqSoftwareSerial puerto_serie_0(0, 1, 9600);\n\n/***   Setup  ***/\nvoid setup() {}\n\n/***   Loop  ***/\nvoid loop() {\npuerto_serie_0.println(puerto_serie_0.readString());\ndelay(33326);\n}"
"uno","/***   Included libraries  ***/\n#include <SoftwareSerial.h>\n#include <BitbloqSoftwareSerial.h>\n\n\n/***   Global variables and function definition  ***/\nbqSoftwareSerial puerto_serie_0(0, 1, 9600);\n\n/***   Setup  ***/\nvoid setup() {}\n\n/***   Loop  ***/\nvoid loop() {\npuerto_serie_0.println(puerto_serie_0.readString());\ndelay(74705);\n}"
"bt328","/***   Included libraries  ***/\n#include <SoftwareSerial.h>\n#include <BitbloqSoftwareSerial.h>\n\n\n/***   Global variables and function definition  ***/\nbqSoftwareSerial puerto_serie_0(0, 1, 9600);\n\n/***   Setup  ***/\nvoid setup() {}\n\n/***   Loop  ***/\nvoid loop() {\npuerto_serie_0.println(puerto_serie_0.readString());\ndelay(43159);\n}"
"bt328","/***   Included libraries  ***/\n#include <SoftwareSerial.h>\n#include <BitbloqSoftwareSerial.h>\n\n\n/***   Global variables and function definition  ***/\nbqSoftwareSerial puerto_serie_0(0, 1, 9600);\n\n/***   Setup  ***/\nvoid setup() {}\n\n/***   Loop  ***/\nvoid loop() {\npuerto_serie_0.println(puerto_serie_0.readString());\ndelay(71911);\n}"
"uno","/***   Included libraries  ***/\n#include <SoftwareSerial.h>\n#include <BitbloqSoftwareSerial.h>\n\n\n/***   Global variables and function definition  ***/\nbqSoftwareSerial puerto_serie_0(0, 1, 9600);\n\n/***   Setup  ***/\nvoid setup() {}\n\n/***   Loop  ***/\nvoid loop() {\npuerto_serie_0.println(puerto_serie_0.readString());\ndelay(68383);\n}"
"bt328","/***   Included libraries  ***/\n#include <SoftwareSerial.h>\n#include <BitbloqSoftwareSerial.h>\n\n\n/***   Global variables and function definition  ***/\nbqSoftwareSerial puerto_serie_0(0, 1, 9600);\n\n/***   Setup  ***/\nvoid setup() {}\n\n/***   Loop  ***/\nvoid loop() {\npuerto_serie_0.println(puerto_serie_0.readString());\ndelay(78971);\n}"
"bt328","/***   Included libraries  ***/\n#include <SoftwareSerial.h>\n#include <BitbloqSoftwareSerial.h>\n\n\n/***   Global variables and function definition  ***/\nbqSoftwareSerial puerto_serie_0(0, 1, 9600);\n\n/***   Setup  ***/\nvoid setup() {}\n\n/***   Loop  ***/\nvoid loop() {\npuerto_serie_0.println(puerto_serie_0.readString());\ndelay(91586);\n}"
"bt328","/***   Included libraries  ***/\n#include <SoftwareSerial.h>\n#include <BitbloqSoftwareSerial.h>\n\n\n/***   Global variables and function definition  ***/\nbqSoftwareSerial puerto_serie_0(0, 1, 9600);\n\n/***   Setup  ***/\nvoid setup() {}\n\n/***   Loop  ***/\nvoid loop() {\npuerto_serie_0.println(puerto_serie_0.readString());\ndelay(32706);\n}"
"bt328","/***   Included libraries  ***/\n#include <SoftwareSerial.h>\n#include <BitbloqSoftwareSerial.h>\n\n\n/***   Global variables and function definition  ***/\nbqSoftwareSerial puerto_serie_0(0, 1, 9600);\n\n/***   Setup  ***/\nvoid setup() {}\n\n/***   Loop  ***/\nvoid loop() {\npuerto_serie_0.println(puerto_serie_0.readString());\ndelay(52364);\n}"
"uno","/***   Included libraries  ***/\n#include <SoftwareSerial.h>\n#include <BitbloqSoftwareSerial.h>\n\n\n/***   Global variables and function definition  ***/\nbqSoftwareSerial puerto_serie_0(0, 1, 9600);\n\n/***   Setup  ***/\nvoid setup() {}\n\n/***   Loop  ***/\nvoid loop() {\npuerto_serie_0.println(puerto_serie_0.readString());\ndelay(87793);\n}"
"bt328","/***   Included libraries  ***/\n#include <SoftwareSerial.h>\n#include <BitbloqSoftwareSerial.h>\n\n\n/***   Global variables and function definition  ***/\nbqSoftwareSerial puerto_serie_0(0, 1, 9600);\n\n/***   Setup  ***/\nvoid setup() {}\n\n/***   Loop  ***/\nvoid loop() {\npuerto_serie_0.println(puerto_serie_0.readString());\ndelay(13516);\n}"
"bt328","/***   Included libraries  ***/\n#include <SoftwareSerial.h>\n#include <BitbloqSoftwareSerial.h>\n\n\n/***   Global variables and function definition  ***/\nbqSoftwareSerial puerto_serie_0(0, 1, 9600);\n\n/***   Setup  ***/\nvoid setup() {}\n\n/***   Loop  ***/\nvoid loop() {\npuerto_serie_0.println(puerto_serie_0.readString());\ndelay(71555);\n}"
"uno","/***   Included libraries  ***/\n#include <SoftwareSerial.h>\n#include <BitbloqSoftwareSerial.h>\n\n\n/***   Global variables and function definition  ***/\nbqSoftwareSerial puerto_serie_0(0, 1, 9600);\n\n/***   Setup  ***/\nvoid setup() {}\n\n/***   Loop  ***/\nvoid loop() {\npuerto_serie_0.println(puerto_serie_0.readString());\ndelay(75496);\n}"
"bt328","/***   Included libraries  ***/\n#include <SoftwareSerial.h>\n#include <BitbloqSoftwareSerial.h>\n\n\n/***   Global variables and function definition  ***/\nbqSoftwareSerial puerto_serie_0(0, 1, 9600);\n\n/***   Setup  ***/\nvoid setup() {}\n\n/***   Loop  ***/\nvoid loop() {\npuerto_serie_0.println(puerto_serie_0.readString());\ndelay(99614);\n}"
"bt328","/***   Included libraries  ***/\n#include <SoftwareSerial.h>\n#include <BitbloqSoftwareSerial.h>\n\n\n/***   Global variables and function definition  ***/\nbqSoftwareSerial puerto_serie_0(0, 1, 9600);\n\n/***   Setup  ***/\nvoid setup() {}\n\n/***   Loop  ***/\nvoid loop() {\npuerto_serie_0.println(puerto_serie_0.readString());\ndelay(64787);\n}"
"uno","/***   Included libraries  ***/\n#include <SoftwareSerial.h>\n#include <BitbloqSoftwareSerial.h>\n\n\n/***   Global variables and function definition  ***/\nbqSoftwareSerial puerto_serie_0(0, 1, 9600);\n\n/***   Setup  ***/\nvoid setup() {}\n\n/***   Loop  ***/\nvoid loop() {\npuerto_serie_0.println(puerto_serie_0.readString());\ndelay(9784);\n}"
"uno","/***   Included libraries  ***/\n#include <SoftwareSerial.h>\n#include <BitbloqSoftwareSerial.h>\n\n\n/***   Global variables and function definition  ***/\nbqSoftwareSerial puerto_serie_0(0, 1, 9600);\n\n/***   Setup  ***/\nvoid setup() {}\n\n/***   Loop  ***/\nvoid loop() {\npuerto_serie_0.println(puerto_serie_0.readString());\ndelay(96005);\n}"
"uno","/***   Included libraries  ***/\n#include <SoftwareSerial.h>\n#include <BitbloqSoftwareSerial.h>\n\n\n/***   Global variables and function definition  ***/\nbqSoftwareSerial puerto_serie_0(0, 1, 9600);\n\n/***   Setup  ***/\nvoid setup() {}\n\n/***   Loop  ***/\nvoid loop() {\npuerto_serie_0.println(puerto_serie_0.readString());\ndelay(20717);\n}"
"uno","/***   Included libraries  ***/\n#include <SoftwareSerial.h>\n#include <BitbloqSoftwareSerial.h>\n\n\n/***   Global variables and function definition  ***/\nbqSoftwareSerial puerto_serie_0(0, 1, 9600);\n\n/***   Setup  ***/\nvoid setup() {}\n\n/***   Loop  ***/\nvoid loop() {\npuerto_serie_0.println(puerto_serie_0.readString());\ndelay(79445);\n}"
"bt328","/***   Included libraries  ***/\n#include <SoftwareSerial.h>\n#include <BitbloqSoftwareSerial.h>\n\n\n/***   Global variables and function definition  ***/\nbqSoftwareSerial puerto_serie_0(0, 1, 9600);\n\n/***   Setup  ***/\nvoid setup() {}\n\n/***   Loop  ***/\nvoid loop() {\npuerto_serie_0.println(puerto_serie_0.readString());\ndelay(30172);\n}"
"uno","/***   Included libraries  ***/\n#include <SoftwareSerial.h>\n#include <BitbloqSoftwareSerial.h>\n\n\n/***   Global variables and function definition  ***/\nbqSoftwareSerial puerto_serie_0(0, 1, 9600);\n\n/***   Setup  ***/\nvoid setup() {}\n\n/***   Loop  ***/\nvoid loop() {\npuerto_serie_0.println(puerto_serie_0.readString());\ndelay(35092);\n}"
"uno","/***   Included libraries  ***/\n#include <SoftwareSerial.h>\n#include <BitbloqSoftwareSerial.h>\n\n\n/***   Global variables and function definition  ***/\nbqSoftwareSerial puerto_serie_0(0, 1, 9600);\n\n/***   Setup  ***/\nvoid setup() {}\n\n/***   Loop  ***/\nvoid loop() {\npuerto_serie_0.println(puerto_serie_0.readString());\ndelay(79792);\n}"
"bt328","/***   Included libraries  ***/\n#include <SoftwareSerial.h>\n#include <BitbloqSoftwareSerial.h>\n\n\n/***   Global variables and function definition  ***/\nbqSoftwareSerial puerto_serie_0(0, 1, 9600);\n\n/***   Setup  ***/\nvoid setup() {}\n\n/***   Loop  ***/\nvoid loop() {\npuerto_serie_0.println(puerto_serie_0.readString());\ndelay(49545);\n}"
"bt328","/***   Included libraries  ***/\n#include <SoftwareSerial.h>\n#include <BitbloqSoftwareSerial.h>\n\n\n/***   Global variables and function definition  ***/\nbqSoftwareSerial puerto_serie_0(0, 1, 9600);\n\n/***   Setup  ***/\nvoid setup() {}\n\n/***   Loop  ***/\nvoid loop() {\npuerto_serie_0.println(puerto_serie_0.readString());\ndelay(33355);\n}"
"uno","/***   Included libraries  ***/\n#include <SoftwareSerial.h>\n#include <BitbloqSoftwareSerial.h>\n\n\n/***   Global variables and function definition  ***/\nbqSoftwareSerial puerto_serie_0(0, 1, 9600);\n\n/***   Setup  ***/\nvoid setup() {}\n\n/***   Loop  ***/\nvoid loop() {\npuerto_serie_0.println(puerto_serie_0.readString());\ndelay(62427);\n}"
"bt328","/***   Included libraries  ***/\n#include <SoftwareSerial.h>\n#include <BitbloqSoftwareSerial.h>\n\n\n/***   Global variables and function definition  ***/\nbqSoftwareSerial puerto_serie_0(0, 1, 9600);\n\n/***   Setup  ***/\nvoid setup() {}\n\n/***   Loop  ***/\nvoid loop() {\npuerto_serie_0.println(puerto_serie_0.readString());\ndelay(28810);\n}"
"bt328","/***   Included libraries  ***/\n#include <SoftwareSerial.h>\n#include <BitbloqSoftwareSerial.h>\n\n\n/***   Global variables and function definition  ***/\nbqSoftwareSerial puerto_serie_0(0, 1, 9600);\n\n/***   Setup  ***/\nvoid setup() {}\n\n/***   Loop  ***/\nvoid loop() {\npuerto_serie_0.println(puerto_serie_0.readString());\ndelay(7310);\n}"
"uno","/***   Included libraries  ***/\n#include <SoftwareSerial.h>\n#include <BitbloqSoftwareSerial.h>\n\n\n/***   Global variables and function definition  ***/\nbqSoftwareSerial puerto_serie_0(0, 1, 9600);\n\n/***   Setup  ***/\nvoid setup() {}\n\n/***   Loop  ***/\nvoid loop() {\npuerto_serie_0.println(puerto_serie_0.readString());\ndelay(74192);\n}"
"uno","/***   Included libraries  ***/\n#include <SoftwareSerial.h>\n#include <BitbloqSoftwareSerial.h>\n\n\n/***   Global variables and function definition  ***/\nbqSoftwareSerial puerto_serie_0(0, 1, 9600);\n\n/***   Setup  ***/\nvoid setup() {}\n\n/***   Loop  ***/\nvoid loop() {\npuerto_serie_0.println(puerto_serie_0.readString());\ndelay(43333);\n}"
"uno","/***   Included libraries  ***/\n#include <SoftwareSerial.h>\n#include <BitbloqSoftwareSerial.h>\n\n\n/***   Global variables and function definition  ***/\nbqSoftwareSerial puerto_serie_0(0, 1, 9600);\n\n/***   Setup  ***/\nvoid setup() {}\n\n/***   Loop  ***/\nvoid loop() {\npuerto_serie_0.println(puerto_serie_0.readString());\ndelay(96569);\n}"
"uno","/***   Included libraries  ***/\n#include <SoftwareSerial.h>\n#include <BitbloqSoftwareSerial.h>\n\n\n/***   Global variables and function definition  ***/\nbqSoftwareSerial puerto_serie_0(0, 1, 9600);\n\n/***   Setup  ***/\nvoid setup() {}\n\n/***   Loop  ***/\nvoid loop() {\npuerto_serie_0.println(puerto_serie_0.readString());\ndelay(37794);\n}"
"bt328","/***   Included libraries  ***/\n#include <SoftwareSerial.h>\n#include <BitbloqSoftwareSerial.h>\n\n\n/***   Global variables and function definition  ***/\nbqSoftwareSerial puerto_serie_0(0, 1, 9600);\n\n/***   Setup  ***/\nvoid setup() {}\n\n/***   Loop  ***/\nvoid loop() {\npuerto_serie_0.println(puerto_serie_0.readString());\ndelay(5612);\n}"
"bt328","/***   Included libraries  ***/\n#include <SoftwareSerial.h>\n#include <BitbloqSoftwareSerial.h>\n\n\n/***   Global variables and function definition  ***/\nbqSoftwareSerial puerto_serie_0(0, 1, 9600);\n\n/***   Setup  ***/\nvoid setup() {}\n\n/***   Loop  ***/\nvoid loop() {\npuerto_serie_0.println(puerto_serie_0.readString());\ndelay(97074);\n}"
"bt328","/***   Included libraries  ***/\n#include <SoftwareSerial.h>\n#include <BitbloqSoftwareSerial.h>\n\n\n/***   Global variables and function definition  ***/\nbqSoftwareSerial puerto_serie_0(0, 1, 9600);\n\n/***   Setup  ***/\nvoid setup() {}\n\n/***   Loop  ***/\nvoid loop() {\npuerto_serie_0.println(puerto_serie_0.readString());\ndelay(5672);\n}"
"uno","/***   Included libraries  ***/\n#include <SoftwareSerial.h>\n#include <BitbloqSoftwareSerial.h>\n\n\n/***   Global variables and function definition  ***/\nbqSoftwareSerial puerto_serie_0(0, 1, 9600);\n\n/***   Setup  ***/\nvoid setup() {}\n\n/***   Loop  ***/\nvoid loop() {\npuerto_serie_0.println(puerto_serie_0.readString());\ndelay(58432);\n}"
"uno","/***   Included libraries  ***/\n#include <SoftwareSerial.h>\n#include <BitbloqSoftwareSerial.h>\n\n\n/***   Global variables and function definition  ***/\nbqSoftwareSerial puerto_serie_0(0, 1, 9600);\n\n/***   Setup  ***/\nvoid setup() {}\n\n/***   Loop  ***/\nvoid loop() {\npuerto_serie_0.println(puerto_serie_0.readString());\ndelay(52103);\n}"
"uno","/***   Included libraries  ***/\n#include <SoftwareSerial.h>\n#include <BitbloqSoftwareSerial.h>\n\n\n/***   Global variables and function definition  ***/\nbqSoftwareSerial puerto_serie_0(0, 1, 9600);\n\n/***   Setup  ***/\nvoid setup() {}\n\n/***   Loop  ***/\nvoid loop() {\npuerto_serie_0.println(puerto_serie_0.readString());\ndelay(87011);\n}"
"bt328","/***   Included libraries  ***/\n#include <SoftwareSerial.h>\n#include <BitbloqSoftwareSerial.h>\n\n\n/***   Global variables and function definition  ***/\nbqSoftwareSerial puerto_serie_0(0, 1, 9600);\n\n/***   Setup  ***/\nvoid setup() {}\n\n/***   Loop  ***/\nvoid loop() {\npuerto_serie_0.println(puerto_serie_0.readString());\ndelay(56460);\n}"
"uno","/***   Included libraries  ***/\n#include <SoftwareSerial.h>\n#include <BitbloqSoftwareSerial.h>\n\n\n/***   Global variables and function definition  ***/\nbqSoftwareSerial puerto_serie_0(0, 1, 9600);\n\n/***   Setup  ***/\nvoid setup() {}\n\n/***   Loop  ***/\nvoid loop() {\npuerto_serie_0.println(puerto_serie_0.readString());\ndelay(86300);\n}"
"uno","/***   Included libraries  ***/\n#include <SoftwareSerial.h>\n#include <BitbloqSoftwareSerial.h>\n\n\n/***   Global variables and function definition  ***/\nbqSoftwareSerial puerto_serie_0(0, 1, 9600);\n\n/***   Setup  ***/\nvoid setup() {}\n\n/***   Loop  ***/\nvoid loop() {\npuerto_serie_0.println(puerto_serie_0.readString());\ndelay(9808);\n}"
"uno","/***   Included libraries  ***/\n#include <SoftwareSerial.h>\n#include <BitbloqSoftwareSerial.h>\n\n\n/***   Global variables and function definition  ***/\nbqSoftwareSerial puerto_serie_0(0, 1, 9600);\n\n/***   Setup  ***/\nvoid setup() {}\n\n/***   Loop  ***/\nvoid loop() {\npuerto_serie_0.println(puerto_serie_0.readString());\ndelay(36725);\n}"
"uno","/***   Included libraries  ***/\n#include <SoftwareSerial.h>\n#include <BitbloqSoftwareSerial.h>\n\n\n/***   Global variables and function definition  ***/\nbqSoftwareSerial puerto_serie_0(0, 1, 9600);\n\n/***   Setup  ***/\nvoid setup() {}\n\n/***   Loop  ***/\nvoid loop() {\npuerto_serie_0.println(puerto_serie_0.readString());\ndelay(50749);\n}"
"uno","/***   Included libraries  ***/\n#include <SoftwareSerial.h>\n#include <BitbloqSoftwareSerial.h>\n\n\n/***   Global variables and function definition  ***/\nbqSoftwareSerial puerto_serie_0(0, 1, 9600);\n\n/***   Setup  ***/\nvoid setup() {}\n\n/***   Loop  ***/\nvoid loop() {\npuerto_serie_0.println(puerto_serie_0.readString());\ndelay(60963);\n}"
"bt328","/***   Included libraries  ***/\n#include <SoftwareSerial.h>\n#include <BitbloqSoftwareSerial.h>\n\n\n/***   Global variables and function definition  ***/\nbqSoftwareSerial puerto_serie_0(0, 1, 9600);\n\n/***   Setup  ***/\nvoid setup() {}\n\n/***   Loop  ***/\nvoid loop() {\npuerto_serie_0.println(puerto_serie_0.readString());\ndelay(20535);\n}"
"uno","/***   Included libraries  ***/\n#include <SoftwareSerial.h>\n#include <BitbloqSoftwareSerial.h>\n\n\n/***   Global variables and function definition  ***/\nbqSoftwareSerial puerto_serie_0(0, 1, 9600);\n\n/***   Setup  ***/\nvoid setup() {}\n\n/***   Loop  ***/\nvoid loop() {\npuerto_serie_0.println(puerto_serie_0.readString());\ndelay(66345);\n}"
"uno","/***   Included libraries  ***/\n#include <SoftwareSerial.h>\n#include <BitbloqSoftwareSerial.h>\n\n\n/***   Global variables and function definition  ***/\nbqSoftwareSerial puerto_serie_0(0, 1, 9600);\n\n/***   Setup  ***/\nvoid setup() {}\n\n/***   Loop  ***/\nvoid loop() {\npuerto_serie_0.println(puerto_serie_0.readString());\ndelay(71376);\n}"
"uno","/***   Included libraries  ***/\n#include <SoftwareSerial.h>\n#include <BitbloqSoftwareSerial.h>\n\n\n/***   Global variables and function definition  ***/\nbqSoftwareSerial puerto_serie_0(0, 1, 9600);\n\n/***   Setup  ***/\nvoid setup() {}\n\n/***   Loop  ***/\nvoid loop() {\npuerto_serie_0.println(puerto_serie_0.readString());\ndelay(27090);\n}"
"bt328","/***   Included libraries  ***/\n#include <SoftwareSerial.h>\n#include <BitbloqSoftwareSerial.h>\n\n\n/***   Global variables and function definition  ***/\nbqSoftwareSerial puerto_serie_0(0, 1, 9600);\n\n/***   Setup  ***/\nvoid setup() {}\n\n/***   Loop  ***/\nvoid loop() {\npuerto_serie_0.println(puerto_serie_0.readString());\ndelay(61429);\n}"
"bt328","/***   Included libraries  ***/\n#include <SoftwareSerial.h>\n#include <BitbloqSoftwareSerial.h>\n\n\n/***   Global variables and function definition  ***/\nbqSoftwareSerial puerto_serie_0(0, 1, 9600);\n\n/***   Setup  ***/\nvoid setup() {}\n\n/***   Loop  ***/\nvoid loop() {\npuerto_serie_0.println(puerto_serie_0.readString());\ndelay(32493);\n}"
"bt328","/***   Included libraries  ***/\n#include <SoftwareSerial.h>\n#include <BitbloqSoftwareSerial.h>\n\n\n/***   Global variables and function definition  ***/\nbqSoftwareSerial puerto_serie_0(0, 1, 9600);\n\n/***   Setup  ***/\nvoid setup() {}\n\n/***   Loop  ***/\nvoid loop() {\npuerto_serie_0.println(puerto_serie_0.readString());\ndelay(94437);\n}"
"uno","/***   Included libraries  ***/\n#include <SoftwareSerial.h>\n#include <BitbloqSoftwareSerial.h>\n\n\n/***   Global variables and function definition  ***/\nbqSoftwareSerial puerto_serie_0(0, 1, 9600);\n\n/***   Setup  ***/\nvoid setup() {}\n\n/***   Loop  ***/\nvoid loop() {\npuerto_serie_0.println(puerto_serie_0.readString());\ndelay(36159);\n}"
"bt328","/***   Included libraries  ***/\n#include <SoftwareSerial.h>\n#include <BitbloqSoftwareSerial.h>\n\n\n/***   Global variables and function definition  ***/\nbqSoftwareSerial puerto_serie_0(0, 1, 9600);\n\n/***   Setup  ***/\nvoid setup() {}\n\n/***   Loop  ***/\nvoid loop() {\npuerto_serie_0.println(puerto_serie_0.readString());\ndelay(46678);\n}"
"uno","/***   Included libraries  ***/\n#include <SoftwareSerial.h>\n#include <BitbloqSoftwareSerial.h>\n\n\n/***   Global variables and function definition  ***/\nbqSoftwareSerial puerto_serie_0(0, 1, 9600);\n\n/***   Setup  ***/\nvoid setup() {}\n\n/***   Loop  ***/\nvoid loop() {\npuerto_serie_0.println(puerto_serie_0.readString());\ndelay(50710);\n}"
"bt328","/***   Included libraries  ***/\n#include <SoftwareSerial.h>\n#include <BitbloqSoftwareSerial.h>\n\n\n/***   Global variables and function definition  ***/\nbqSoftwareSerial puerto_serie_0(0, 1, 9600);\n\n/***   Setup  ***/\nvoid setup() {}\n\n/***   Loop  ***/\nvoid loop() {\npuerto_serie_0.println(puerto_serie_0.readString());\ndelay(48282);\n}"
"bt328","/***   Included libraries  ***/\n#include <SoftwareSerial.h>\n#include <BitbloqSoftwareSerial.h>\n\n\n/***   Global variables and function definition  ***/\nbqSoftwareSerial puerto_serie_0(0, 1, 9600);\n\n/***   Setup  ***/\nvoid setup() {}\n\n/***   Loop  ***/\nvoid loop() {\npuerto_serie_0.println(puerto_serie_0.readString());\ndelay(22372);\n}"
"uno","/***   Included libraries  ***/\n#include <SoftwareSerial.h>\n#include <BitbloqSoftwareSerial.h>\n\n\n/***   Global variables and function definition  ***/\nbqSoftwareSerial puerto_serie_0(0, 1, 9600);\n\n/***   Setup  ***/\nvoid setup() {}\n\n/***   Loop  ***/\nvoid loop() {\npuerto_serie_0.println(puerto_serie_0.readString());\ndelay(18659);\n}"
